date,2t,2d,tp,10u,10v,u,v,100u,100v
20240404,Yes,Yes,Yes,Yes,Yes,No,No,Yes,Yes
20240405,Yes,Yes,Yes,Yes,Yes,No,No,Yes,Yes
20240406,Yes,Yes,Yes,Yes,Yes,No,No,Yes,Yes
20240407,Yes,Yes,Yes,Yes,Yes,No,No,Yes,Yes
20240408,Yes,Yes,Yes,Yes,Yes,No,No,Yes,Yes
20240409,Yes,Yes,Yes,Yes,Yes,No,No,Yes,Yes
20240410,Yes,Yes,Yes,Yes,Yes,No,No,Yes,Yes
20240411,Yes,Yes,Yes,Yes,Yes,No,No,Yes,Yes
20240412,Yes,Yes,Yes,Yes,Yes,No,No,Yes,Yes
20240413,Yes,Yes,Yes,Yes,Yes,No,No,No,No
20240414,No,No,No,No,No,No,No,No,No
20240415,No,No,No,No,No,No,No,No,No
20240416,No,No,No,No,No,No,No,No,No
20240417,No,No,No,No,No,No,No,No,No
20240418,No,No,No,No,No,No,No,No,No
20240419,No,No,No,No,No,No,No,No,No
20240420,No,No,No,No,No,No,No,No,No
20240421,No,No,No,No,No,No,No,No,No
20240422,Yes,Yes,Yes,Yes,Yes,No,No,Yes,Yes
20240423,Yes,Yes,Yes,Yes,Yes,No,No,Yes,Yes
20240424,Yes,Yes,Yes,Yes,Yes,No,No,Yes,Yes
20240425,Yes,Yes,Yes,Yes,Yes,No,No,Yes,Yes
20240426,Yes,Yes,Yes,Yes,Yes,No,No,Yes,Yes
20240427,Yes,Yes,Yes,Yes,Yes,No,No,Yes,Yes
20240428,Yes,Yes,Yes,Yes,Yes,No,No,Yes,Yes
20240429,Yes,Yes,Yes,Yes,Yes,No,No,Yes,Yes
20240430,Yes,Yes,Yes,Yes,Yes,No,No,Yes,Yes
20240501,Yes,Yes,Yes,Yes,Yes,No,No,Yes,Yes
20240502,No,No,No,No,No,No,No,No,No
20240503,No,No,No,No,No,No,No,No,No
20240504,No,No,No,No,No,No,No,No,No
20240505,No,No,No,No,No,No,No,No,No
20240506,No,No,No,No,No,No,No,No,No
20240507,No,No,No,No,No,No,No,No,No
20240508,No,No,No,No,No,No,No,No,No
20240509,No,No,No,No,No,No,No,No,No
20240510,No,No,No,No,No,No,No,No,No
20240511,No,No,No,No,No,No,No,No,No
20240512,Yes,Yes,Yes,Yes,Yes,No,No,Yes,Yes
20240513,Yes,Yes,Yes,Yes,Yes,No,No,Yes,Yes
20240514,Yes,Yes,Yes,Yes,Yes,No,No,Yes,Yes
20240515,Yes,Yes,Yes,Yes,Yes,No,No,Yes,Yes
20240516,Yes,Yes,Yes,Yes,Yes,No,No,Yes,Yes
20240517,Yes,Yes,Yes,Yes,Yes,No,No,Yes,Yes
20240518,Yes,Yes,Yes,Yes,Yes,No,No,Yes,Yes
20240519,Yes,Yes,Yes,Yes,Yes,No,No,Yes,Yes
20240520,Yes,Yes,Yes,Yes,Yes,No,No,Yes,Yes
20240521,Yes,Yes,Yes,Yes,Yes,No,No,Yes,Yes
20240522,Yes,Yes,Yes,Yes,Yes,No,No,Yes,Yes
20240523,Yes,Yes,Yes,Yes,Yes,No,No,Yes,Yes
20240524,Yes,Yes,Yes,Yes,Yes,No,No,Yes,Yes
20240525,Yes,Yes,Yes,Yes,Yes,No,No,Yes,Yes
20240526,Yes,Yes,Yes,Yes,Yes,No,No,Yes,Yes
20240527,Yes,Yes,Yes,Yes,Yes,No,No,Yes,Yes
20240528,Yes,Yes,Yes,Yes,Yes,No,No,Yes,Yes
20240529,Yes,Yes,Yes,Yes,Yes,No,No,Yes,Yes
20240530,Yes,Yes,Yes,Yes,Yes,No,No,Yes,Yes
20240531,Yes,Yes,Yes,Yes,Yes,No,No,Yes,Yes
20240601,Yes,Yes,Yes,Yes,Yes,No,No,Yes,Yes
20240602,Yes,Yes,Yes,Yes,Yes,No,No,Yes,Yes
20240603,Yes,Yes,Yes,Yes,Yes,No,No,Yes,Yes
20240604,Yes,Yes,Yes,Yes,Yes,No,No,Yes,Yes
20240605,Yes,Yes,Yes,Yes,Yes,No,No,Yes,Yes
20240606,Yes,Yes,Yes,Yes,Yes,No,No,Yes,Yes
20240607,Yes,Yes,Yes,Yes,Yes,No,No,Yes,Yes
20240608,Yes,Yes,Yes,Yes,Yes,No,No,Yes,Yes
20240609,Yes,Yes,Yes,Yes,Yes,No,No,Yes,Yes
20240610,Yes,Yes,Yes,Yes,Yes,No,No,Yes,Yes
20240611,Yes,Yes,Yes,Yes,Yes,No,No,Yes,Yes
20240612,Yes,Yes,Yes,Yes,Yes,No,No,Yes,Yes
20240613,Yes,Yes,Yes,Yes,Yes,No,No,Yes,Yes
20240614,Yes,Yes,Yes,Yes,Yes,No,No,Yes,Yes
20240615,Yes,Yes,Yes,Yes,Yes,No,No,Yes,Yes
20240616,Yes,Yes,Yes,Yes,Yes,No,No,Yes,Yes
20240617,No,No,No,No,No,No,No,No,No
20240618,No,No,No,No,No,No,No,No,No
20240619,No,No,No,No,No,No,No,No,No
20240620,No,No,No,No,No,No,No,No,No
20240621,No,No,No,No,No,No,No,No,No
20240622,No,No,No,No,No,No,No,No,No
20240623,No,No,No,No,No,No,No,No,No
20240624,No,No,No,No,No,No,No,No,No
20240625,No,No,No,No,No,No,No,No,No
20240626,No,No,No,No,No,No,No,No,No
20240627,No,No,No,No,No,No,No,No,No
20240628,No,No,No,No,No,No,No,No,No
20240629,No,No,No,No,No,No,No,No,No
20240630,No,No,No,No,No,No,No,No,No
20240701,No,No,No,No,No,No,No,No,No
20240702,No,No,No,No,No,No,No,No,No
20240703,No,No,No,No,No,No,No,No,No
20240704,No,No,No,No,No,No,No,No,No
20240705,No,No,No,No,No,No,No,No,No
20240706,No,No,No,No,No,No,No,No,No
20240707,No,No,No,No,No,No,No,No,No
20240708,No,No,No,No,No,No,No,No,No
20240709,No,No,No,No,No,No,No,No,No
20240710,No,No,No,No,No,No,No,No,No
20240711,No,No,No,No,No,No,No,No,No
20240712,No,No,No,No,No,No,No,No,No
20240713,No,No,No,No,No,No,No,No,No
20240714,No,No,No,No,No,No,No,No,No
20240715,No,No,No,No,No,No,No,No,No
20240716,No,No,No,No,No,No,No,No,No
20240717,No,No,No,No,No,No,No,No,No
20240718,No,No,No,No,No,No,No,No,No
20240719,No,No,No,No,No,No,No,No,No
20240720,No,No,No,No,No,No,No,No,No
20240721,No,No,No,No,No,No,No,No,No
20240722,No,No,No,No,No,No,No,No,No
20240723,No,No,No,No,No,No,No,No,No
20240724,No,No,No,No,No,No,No,No,No
20240725,No,No,No,No,No,No,No,No,No
20240726,No,No,No,No,No,No,No,No,No
20240727,No,No,No,No,No,No,No,No,No
20240728,No,No,No,No,No,No,No,No,No
20240729,No,No,No,No,No,No,No,No,No
20240730,No,No,No,No,No,No,No,No,No
20240731,No,No,No,No,No,No,No,No,No
20240801,No,No,No,No,No,No,No,No,No
20240802,No,No,No,No,No,No,No,No,No
20240803,No,No,No,No,No,No,No,No,No
20240804,Yes,Yes,Yes,Yes,Yes,No,No,Yes,Yes
20240805,Yes,Yes,Yes,Yes,Yes,No,No,Yes,Yes
20240806,Yes,Yes,Yes,Yes,Yes,No,No,Yes,Yes
20240807,Yes,Yes,Yes,Yes,Yes,No,No,Yes,Yes
20240808,Yes,Yes,Yes,Yes,Yes,No,No,Yes,Yes
20240809,Yes,Yes,Yes,Yes,Yes,No,No,Yes,Yes
20240810,Yes,Yes,Yes,Yes,Yes,No,No,Yes,Yes
20240811,Yes,Yes,Yes,Yes,Yes,No,No,Yes,Yes
20240812,Yes,Yes,Yes,Yes,Yes,No,No,Yes,Yes
20240813,Yes,Yes,Yes,Yes,Yes,No,No,Yes,Yes
20240814,Yes,Yes,Yes,Yes,Yes,No,No,Yes,Yes
20240815,Yes,Yes,Yes,Yes,Yes,No,No,Yes,Yes
20240816,Yes,Yes,Yes,Yes,Yes,No,No,Yes,Yes
20240817,Yes,Yes,Yes,Yes,Yes,No,No,Yes,Yes
20240818,No,No,No,No,No,No,No,No,No
20240819,No,No,No,No,No,No,No,No,No
20240820,No,No,No,No,No,No,No,No,No
20240821,No,No,No,No,No,No,No,No,No
20240822,No,No,No,No,No,No,No,No,No
20240823,No,No,No,No,No,No,No,No,No
20240824,No,No,No,No,No,No,No,No,No
20240825,No,No,No,No,No,No,No,No,No
20240826,No,No,No,No,No,No,No,No,No
20240827,No,No,No,No,No,No,No,No,No
20240828,No,No,No,No,No,No,No,No,No
20240829,No,No,No,No,No,No,No,No,No
20240830,No,No,No,No,No,No,No,No,No
20240831,No,No,No,No,No,No,No,No,No
20240901,No,No,No,No,No,No,No,No,No
20240902,No,No,No,No,No,No,No,No,No
20240903,No,No,No,No,No,No,No,No,No
20240904,No,No,No,No,No,No,No,No,No
20240905,No,No,No,No,No,No,No,No,No
20240906,No,No,No,No,No,No,No,No,No
20240907,No,No,No,No,No,No,No,No,No
20240908,No,No,No,No,No,No,No,No,No
20240909,No,No,No,No,No,No,No,No,No
20240910,No,No,No,No,No,No,No,No,No
20240911,No,No,No,No,No,No,No,No,No
20240912,No,No,No,No,No,No,No,No,No
20240913,No,No,No,No,No,No,No,No,No
20240914,No,No,No,No,No,No,No,No,No
20240915,No,No,No,No,No,No,No,No,No
20240916,No,No,No,No,No,No,No,No,No
20240917,No,No,No,No,No,No,No,No,No
20240918,No,No,No,No,No,No,No,No,No
20240919,No,No,No,No,No,No,No,No,No
20240920,No,No,No,No,No,No,No,No,No
20240921,No,No,No,No,No,No,No,No,No
20240922,No,No,No,No,No,No,No,No,No
20240923,No,No,No,No,No,No,No,No,No
20240924,No,No,No,No,No,No,No,No,No
20240925,No,No,No,No,No,No,No,No,No
20240926,Yes,Yes,Yes,Yes,No,No,No,Yes,Yes
20240927,Yes,Yes,Yes,Yes,No,No,No,Yes,Yes
20240928,Yes,Yes,Yes,Yes,No,No,No,Yes,Yes
20240929,No,No,No,No,No,No,No,No,No
20240930,No,No,No,No,No,No,No,No,No
20241001,No,No,No,No,No,No,No,No,No
20241002,No,No,No,No,No,No,No,No,No
20241003,No,No,No,No,No,No,No,No,No
20241004,No,No,No,No,No,No,No,No,No
20241005,Yes,Yes,Yes,Yes,No,No,No,Yes,Yes
20241006,Yes,Yes,Yes,Yes,No,No,No,Yes,Yes
20241007,Yes,Yes,Yes,Yes,No,No,No,Yes,Yes
20241008,Yes,Yes,Yes,Yes,No,No,No,Yes,Yes
20241009,Yes,Yes,Yes,Yes,No,No,No,Yes,Yes
20241010,Yes,Yes,Yes,Yes,No,No,No,Yes,Yes
20241011,Yes,Yes,Yes,Yes,No,No,No,Yes,Yes
20241012,Yes,Yes,Yes,Yes,No,No,No,Yes,Yes
20241013,Yes,Yes,Yes,Yes,No,No,No,Yes,Yes
20241014,Yes,Yes,Yes,Yes,No,No,No,Yes,Yes
20241015,Yes,Yes,Yes,Yes,No,No,No,Yes,Yes
20241016,Yes,Yes,Yes,Yes,No,No,No,Yes,Yes
20241017,Yes,Yes,Yes,Yes,No,No,No,Yes,Yes
20241018,Yes,Yes,Yes,Yes,No,No,No,Yes,Yes
20241019,Yes,Yes,Yes,Yes,No,No,No,No,No
20241020,Yes,Yes,Yes,Yes,No,No,No,Yes,Yes
20241021,Yes,Yes,Yes,Yes,No,No,No,Yes,Yes
20241022,Yes,Yes,Yes,Yes,Yes,No,No,Yes,Yes
20241023,Yes,Yes,Yes,Yes,Yes,No,No,Yes,Yes
20241024,Yes,Yes,Yes,Yes,Yes,No,No,Yes,Yes
20241025,Yes,Yes,Yes,Yes,Yes,No,No,Yes,Yes
20241026,Yes,Yes,Yes,Yes,Yes,No,No,Yes,Yes
20241027,Yes,Yes,Yes,Yes,Yes,No,No,Yes,Yes
20241028,Yes,Yes,Yes,Yes,Yes,No,No,Yes,Yes
20241029,Yes,Yes,Yes,Yes,Yes,No,No,Yes,Yes
20241030,Yes,Yes,Yes,Yes,Yes,No,No,Yes,Yes
20241031,Yes,Yes,Yes,Yes,Yes,No,No,Yes,Yes
20241101,Yes,Yes,Yes,Yes,Yes,No,No,Yes,Yes
20241102,Yes,Yes,Yes,Yes,Yes,No,No,Yes,Yes
20241103,Yes,Yes,Yes,Yes,Yes,No,No,Yes,Yes
20241104,Yes,Yes,Yes,Yes,Yes,No,No,Yes,Yes
20241105,Yes,Yes,Yes,Yes,Yes,No,No,Yes,Yes
20241106,Yes,Yes,Yes,Yes,Yes,No,No,Yes,Yes
20241107,Yes,Yes,Yes,Yes,Yes,No,No,Yes,Yes
20241108,Yes,Yes,Yes,Yes,Yes,No,No,Yes,Yes
20241109,Yes,Yes,Yes,Yes,Yes,No,No,Yes,Yes
20241110,Yes,Yes,Yes,Yes,Yes,No,No,Yes,Yes
20241111,Yes,Yes,Yes,Yes,Yes,No,No,Yes,Yes
20241112,Yes,Yes,Yes,Yes,Yes,No,No,Yes,Yes
20241113,Yes,Yes,Yes,Yes,Yes,No,No,Yes,Yes
20241114,Yes,Yes,Yes,Yes,Yes,No,No,Yes,Yes
20241115,Yes,Yes,Yes,Yes,Yes,No,No,Yes,Yes
20241116,Yes,Yes,Yes,Yes,Yes,No,No,Yes,Yes
20241117,Yes,Yes,Yes,Yes,Yes,No,No,Yes,Yes
20241118,Yes,Yes,Yes,Yes,Yes,No,No,Yes,Yes
20241119,Yes,Yes,Yes,Yes,Yes,No,No,Yes,Yes
20241120,Yes,Yes,Yes,Yes,Yes,No,No,Yes,Yes
20241121,Yes,Yes,Yes,Yes,Yes,No,No,Yes,Yes
20241122,Yes,Yes,Yes,Yes,Yes,No,No,Yes,Yes
20241123,Yes,Yes,Yes,Yes,Yes,No,No,Yes,Yes
20241124,Yes,Yes,Yes,Yes,Yes,No,No,Yes,Yes
20241125,Yes,Yes,Yes,Yes,Yes,No,No,Yes,Yes
20241126,Yes,Yes,Yes,Yes,Yes,No,No,Yes,Yes
20241127,Yes,Yes,Yes,Yes,Yes,No,No,Yes,Yes
20241128,Yes,Yes,Yes,Yes,Yes,No,No,Yes,Yes
20241129,Yes,Yes,Yes,Yes,Yes,No,No,Yes,Yes
20241130,Yes,Yes,Yes,Yes,Yes,No,No,Yes,Yes
20241201,Yes,Yes,Yes,Yes,Yes,No,No,No,No
20241202,Yes,Yes,Yes,Yes,Yes,No,No,Yes,Yes
20241203,Yes,Yes,Yes,Yes,Yes,No,No,Yes,Yes
20241204,Yes,Yes,Yes,Yes,Yes,No,No,Yes,Yes
20241205,Yes,Yes,Yes,Yes,Yes,No,No,Yes,Yes
20241206,Yes,Yes,Yes,Yes,Yes,No,No,Yes,Yes
20241207,Yes,Yes,Yes,Yes,Yes,No,No,Yes,Yes
20241208,Yes,Yes,Yes,Yes,Yes,No,No,Yes,Yes
20241209,Yes,Yes,Yes,Yes,Yes,No,No,Yes,Yes
20241210,Yes,Yes,Yes,Yes,Yes,No,No,Yes,Yes
20241211,Yes,Yes,Yes,Yes,Yes,No,No,Yes,Yes
20241212,Yes,Yes,Yes,Yes,Yes,No,No,Yes,Yes
20241213,Yes,Yes,Yes,Yes,Yes,No,No,Yes,Yes
20241214,No,No,No,No,Yes,No,No,Yes,Yes
20241215,Yes,Yes,Yes,Yes,Yes,No,No,Yes,Yes
20241216,Yes,Yes,Yes,Yes,Yes,No,No,No,No
20241217,Yes,Yes,Yes,Yes,Yes,No,No,No,No
20241218,Yes,Yes,Yes,Yes,Yes,No,No,No,No
20241219,Yes,Yes,Yes,Yes,Yes,No,No,Yes,Yes
20241220,Yes,Yes,Yes,Yes,Yes,No,No,Yes,Yes
20241221,Yes,Yes,Yes,Yes,Yes,No,No,Yes,Yes
20241222,Yes,Yes,Yes,Yes,Yes,No,No,Yes,Yes
20241223,Yes,Yes,Yes,Yes,Yes,No,No,Yes,Yes
20241224,Yes,Yes,Yes,Yes,Yes,No,No,Yes,Yes
20241225,Yes,Yes,Yes,Yes,Yes,No,No,Yes,Yes
20241226,Yes,Yes,Yes,Yes,Yes,No,No,Yes,Yes
20241227,Yes,Yes,Yes,Yes,Yes,No,No,Yes,Yes
20241228,Yes,Yes,Yes,Yes,Yes,No,No,Yes,Yes
20241229,Yes,Yes,Yes,Yes,Yes,No,No,Yes,Yes
20241230,Yes,Yes,Yes,Yes,Yes,No,No,Yes,Yes
20241231,Yes,Yes,Yes,Yes,Yes,No,No,Yes,Yes
20250101,Yes,Yes,Yes,Yes,Yes,No,No,Yes,Yes
20250102,Yes,Yes,Yes,Yes,Yes,No,No,Yes,Yes
20250103,Yes,Yes,Yes,Yes,Yes,No,No,Yes,Yes
20250104,Yes,Yes,Yes,Yes,Yes,No,No,Yes,Yes
20250105,Yes,Yes,Yes,Yes,Yes,No,No,Yes,Yes
20250106,Yes,Yes,Yes,Yes,Yes,No,No,Yes,Yes
20250107,Yes,Yes,Yes,Yes,Yes,No,No,Yes,Yes
20250108,Yes,Yes,Yes,Yes,Yes,No,No,Yes,Yes
20250109,Yes,Yes,Yes,Yes,Yes,No,No,Yes,Yes
20250110,Yes,Yes,Yes,Yes,Yes,No,No,Yes,Yes
20250111,Yes,Yes,Yes,Yes,Yes,No,No,Yes,Yes
20250112,Yes,Yes,Yes,Yes,Yes,No,No,Yes,Yes
20250113,Yes,Yes,Yes,Yes,Yes,No,No,Yes,Yes
20250114,Yes,Yes,Yes,Yes,Yes,No,No,Yes,Yes
20250115,Yes,Yes,Yes,Yes,Yes,No,No,Yes,Yes
20250116,Yes,Yes,Yes,Yes,Yes,No,No,Yes,Yes
20250117,Yes,Yes,Yes,Yes,Yes,No,No,Yes,Yes
20250118,Yes,Yes,Yes,Yes,Yes,No,No,Yes,Yes
20250119,Yes,Yes,Yes,Yes,Yes,No,No,Yes,Yes
20250120,Yes,Yes,Yes,Yes,Yes,No,No,Yes,Yes
20250121,Yes,Yes,Yes,Yes,Yes,No,No,Yes,Yes
20250122,Yes,Yes,Yes,Yes,Yes,No,No,Yes,Yes
20250123,Yes,Yes,Yes,Yes,Yes,No,No,Yes,Yes
20250124,Yes,Yes,Yes,Yes,Yes,No,No,Yes,Yes
20250125,Yes,Yes,Yes,Yes,Yes,No,No,Yes,Yes
20250126,Yes,Yes,Yes,Yes,Yes,No,No,Yes,Yes
20250127,Yes,Yes,Yes,Yes,Yes,No,No,Yes,Yes
20250128,Yes,Yes,Yes,Yes,Yes,No,No,Yes,Yes
20250129,Yes,Yes,Yes,Yes,Yes,No,No,Yes,Yes
20250130,Yes,Yes,Yes,Yes,Yes,No,No,Yes,Yes
20250131,Yes,Yes,Yes,Yes,Yes,No,No,Yes,Yes
20250201,Yes,Yes,Yes,Yes,Yes,No,No,Yes,Yes
20250202,Yes,Yes,Yes,Yes,Yes,No,No,Yes,Yes
20250203,Yes,Yes,Yes,Yes,Yes,No,No,Yes,Yes
20250204,Yes,Yes,Yes,Yes,Yes,No,No,Yes,Yes
20250205,Yes,Yes,Yes,Yes,Yes,Yes,Yes,No,No
20250206,Yes,Yes,Yes,Yes,Yes,Yes,Yes,No,No
20250207,Yes,Yes,Yes,Yes,Yes,Yes,Yes,No,No
20250208,Yes,Yes,Yes,Yes,Yes,Yes,Yes,No,No
20250209,Yes,Yes,Yes,Yes,Yes,Yes,Yes,No,No
20250210,Yes,Yes,Yes,Yes,Yes,Yes,Yes,No,No
20250211,Yes,Yes,Yes,Yes,Yes,Yes,Yes,No,No
20250212,Yes,Yes,Yes,Yes,Yes,Yes,Yes,No,No
20250213,Yes,Yes,Yes,Yes,Yes,Yes,Yes,No,No
20250214,Yes,Yes,Yes,Yes,Yes,Yes,Yes,No,No
20250215,Yes,Yes,Yes,Yes,Yes,Yes,Yes,No,No
20250216,Yes,Yes,Yes,Yes,Yes,Yes,Yes,No,No
20250217,Yes,Yes,Yes,Yes,Yes,Yes,Yes,No,No
20250218,Yes,Yes,Yes,Yes,Yes,Yes,Yes,No,No
20250219,Yes,Yes,Yes,Yes,Yes,Yes,Yes,No,No
20250220,Yes,Yes,Yes,Yes,Yes,Yes,Yes,No,No
20250221,Yes,Yes,Yes,Yes,Yes,Yes,Yes,No,No
20250222,Yes,Yes,Yes,Yes,Yes,Yes,Yes,No,No
20250223,Yes,Yes,Yes,Yes,Yes,Yes,Yes,No,No
20250224,Yes,Yes,Yes,Yes,Yes,Yes,Yes,No,No
20250225,Yes,Yes,Yes,Yes,Yes,Yes,Yes,No,No
20250226,Yes,Yes,Yes,Yes,Yes,Yes,Yes,No,No
20250227,Yes,Yes,Yes,Yes,Yes,Yes,Yes,No,No
20250228,Yes,Yes,Yes,Yes,Yes,Yes,Yes,No,No
20250301,Yes,Yes,Yes,Yes,Yes,Yes,Yes,No,No
20250302,Yes,Yes,Yes,Yes,Yes,Yes,Yes,No,No
20250303,Yes,Yes,Yes,Yes,Yes,Yes,Yes,No,No
20250304,Yes,Yes,Yes,Yes,Yes,Yes,Yes,No,No
20250305,Yes,Yes,Yes,Yes,Yes,Yes,Yes,No,No
20250306,Yes,Yes,Yes,Yes,Yes,Yes,Yes,No,No
20250307,Yes,Yes,Yes,Yes,Yes,Yes,Yes,No,No
20250308,Yes,Yes,Yes,Yes,Yes,Yes,Yes,No,No
20250309,Yes,Yes,Yes,Yes,Yes,Yes,Yes,No,No
20250310,Yes,Yes,Yes,Yes,Yes,Yes,Yes,No,No
20250311,Yes,Yes,Yes,Yes,Yes,Yes,Yes,No,No
20250312,Yes,Yes,Yes,Yes,Yes,Yes,Yes,No,No
20250313,Yes,Yes,Yes,Yes,Yes,Yes,Yes,No,No
20250314,Yes,Yes,Yes,Yes,Yes,Yes,Yes,No,No
20250315,Yes,Yes,Yes,Yes,Yes,Yes,Yes,No,No
20250316,Yes,Yes,Yes,Yes,Yes,Yes,Yes,No,No
20250317,Yes,Yes,Yes,Yes,Yes,Yes,Yes,No,No
20250318,Yes,Yes,Yes,Yes,Yes,Yes,Yes,No,No
20250319,Yes,Yes,Yes,Yes,Yes,Yes,Yes,No,No
20250320,Yes,Yes,Yes,Yes,Yes,Yes,Yes,No,No
20250321,Yes,Yes,Yes,Yes,Yes,Yes,Yes,No,No
20250322,Yes,Yes,Yes,Yes,Yes,Yes,Yes,No,No
20250323,Yes,Yes,Yes,Yes,Yes,Yes,Yes,No,No
20250324,Yes,Yes,Yes,Yes,Yes,Yes,Yes,No,No
20250325,Yes,Yes,Yes,Yes,Yes,Yes,Yes,No,No
20250326,Yes,Yes,Yes,Yes,Yes,Yes,Yes,No,No
20250327,Yes,Yes,Yes,Yes,Yes,Yes,Yes,No,No
20250328,Yes,Yes,Yes,Yes,Yes,Yes,Yes,No,No
20250329,Yes,Yes,Yes,Yes,Yes,Yes,Yes,No,No
20250330,Yes,Yes,Yes,Yes,Yes,Yes,Yes,No,No
20250331,Yes,Yes,Yes,Yes,Yes,Yes,Yes,No,No
20250401,Yes,Yes,Yes,Yes,Yes,Yes,Yes,No,No
20250402,Yes,Yes,Yes,Yes,Yes,Yes,Yes,No,No
20250403,Yes,Yes,Yes,Yes,Yes,Yes,Yes,No,No
20250404,Yes,Yes,Yes,Yes,Yes,Yes,Yes,No,No
20250405,Yes,Yes,Yes,Yes,Yes,Yes,Yes,No,No
20250406,Yes,Yes,Yes,Yes,Yes,Yes,Yes,No,No
20250407,Yes,Yes,Yes,Yes,Yes,Yes,Yes,No,No
20250408,Yes,Yes,Yes,Yes,Yes,Yes,Yes,No,No
20250409,Yes,Yes,Yes,Yes,Yes,Yes,Yes,No,No
20250410,Yes,Yes,Yes,Yes,Yes,Yes,Yes,No,No
20250411,Yes,Yes,Yes,Yes,Yes,Yes,Yes,No,No
20250412,Yes,Yes,Yes,Yes,Yes,Yes,Yes,No,No
20250413,Yes,Yes,Yes,Yes,Yes,Yes,Yes,No,No
20250414,Yes,Yes,Yes,Yes,Yes,Yes,Yes,No,No
20250415,Yes,Yes,Yes,Yes,Yes,Yes,Yes,No,No
20250416,Yes,Yes,Yes,Yes,Yes,Yes,Yes,No,No
20250417,Yes,Yes,Yes,Yes,Yes,Yes,Yes,No,No
20250418,Yes,Yes,Yes,Yes,Yes,Yes,Yes,No,No
20250419,Yes,Yes,Yes,Yes,Yes,Yes,Yes,No,No
20250420,Yes,Yes,Yes,Yes,Yes,Yes,Yes,No,No
20250421,Yes,Yes,Yes,Yes,Yes,Yes,Yes,No,No
20250422,Yes,Yes,Yes,Yes,Yes,Yes,Yes,No,No
20250423,Yes,Yes,Yes,Yes,Yes,Yes,Yes,No,No
20250424,Yes,Yes,Yes,Yes,Yes,Yes,Yes,No,No
20250425,Yes,Yes,Yes,Yes,Yes,Yes,Yes,No,No
20250426,Yes,Yes,Yes,Yes,Yes,Yes,Yes,No,No
20250427,Yes,Yes,Yes,Yes,Yes,Yes,Yes,No,No
20250428,Yes,Yes,Yes,Yes,Yes,Yes,Yes,No,No
20250429,Yes,Yes,Yes,Yes,Yes,Yes,Yes,No,No
20250430,Yes,Yes,Yes,Yes,Yes,Yes,Yes,No,No
20250501,Yes,Yes,Yes,Yes,Yes,Yes,Yes,No,No
20250502,Yes,Yes,Yes,Yes,Yes,Yes,Yes,No,No
20250503,Yes,Yes,Yes,Yes,Yes,Yes,Yes,No,No
20250504,Yes,Yes,Yes,Yes,Yes,Yes,Yes,No,No
20250505,Yes,Yes,Yes,Yes,Yes,Yes,Yes,No,No
20250506,Yes,Yes,Yes,Yes,Yes,Yes,Yes,No,No
20250507,Yes,Yes,Yes,Yes,Yes,Yes,Yes,No,No
20250508,Yes,Yes,Yes,Yes,Yes,Yes,Yes,No,No
20250509,Yes,Yes,Yes,Yes,Yes,Yes,Yes,No,No
20250510,Yes,Yes,Yes,Yes,Yes,Yes,Yes,No,No
20250511,Yes,Yes,Yes,Yes,Yes,Yes,Yes,No,No
20250512,Yes,Yes,Yes,Yes,Yes,Yes,Yes,No,No
20250513,Yes,Yes,Yes,Yes,Yes,Yes,Yes,No,No
20250514,Yes,Yes,Yes,Yes,Yes,Yes,Yes,No,No
20250515,Yes,Yes,Yes,Yes,Yes,Yes,Yes,No,No
20250516,Yes,Yes,Yes,Yes,Yes,Yes,Yes,No,No
20250517,Yes,Yes,Yes,Yes,Yes,Yes,Yes,No,No
20250518,Yes,Yes,Yes,Yes,Yes,Yes,Yes,No,No
20250519,Yes,Yes,Yes,Yes,Yes,Yes,Yes,No,No
20250520,Yes,Yes,Yes,Yes,Yes,Yes,Yes,No,No
20250521,Yes,Yes,Yes,Yes,Yes,Yes,Yes,No,No
20250522,Yes,Yes,Yes,Yes,Yes,Yes,Yes,No,No
20250523,Yes,Yes,Yes,Yes,Yes,Yes,Yes,No,No
20250524,Yes,Yes,Yes,Yes,Yes,Yes,Yes,No,No
20250525,Yes,Yes,Yes,Yes,Yes,Yes,Yes,No,No
20250526,Yes,Yes,Yes,Yes,Yes,Yes,Yes,No,No
20250527,Yes,Yes,Yes,Yes,Yes,Yes,Yes,No,No
20250528,Yes,Yes,Yes,Yes,Yes,Yes,Yes,No,No
20250529,Yes,Yes,Yes,Yes,Yes,Yes,Yes,No,No
20250530,Yes,Yes,Yes,Yes,Yes,Yes,Yes,No,No
20250531,Yes,Yes,Yes,Yes,Yes,Yes,Yes,No,No
20250601,Yes,Yes,Yes,Yes,Yes,Yes,Yes,No,No
20250602,Yes,Yes,Yes,Yes,Yes,Yes,Yes,No,No
20250603,Yes,Yes,Yes,Yes,Yes,Yes,Yes,No,No
20250604,Yes,Yes,Yes,Yes,Yes,Yes,Yes,No,No
20250605,Yes,Yes,Yes,Yes,Yes,Yes,Yes,No,No
20250606,Yes,Yes,Yes,Yes,Yes,Yes,Yes,No,No
20250607,Yes,Yes,Yes,Yes,Yes,Yes,Yes,No,No
20250608,Yes,Yes,Yes,Yes,Yes,Yes,Yes,No,No
20250609,No,No,No,No,No,No,No,No,No
20250610,No,No,No,No,No,No,No,No,No
20250611,No,No,No,No,No,No,No,No,No
20250612,No,No,No,No,No,No,No,No,No
20250613,No,No,No,No,No,No,No,No,No
20250614,No,No,No,No,No,No,No,No,No
20250615,No,No,No,No,No,No,No,No,No
20250616,No,No,No,No,No,No,No,No,No
20250617,Yes,Yes,Yes,Yes,Yes,Yes,Yes,No,No
20250618,Yes,Yes,Yes,Yes,Yes,Yes,Yes,No,No
20250619,Yes,Yes,Yes,Yes,Yes,Yes,Yes,No,No
20250620,Yes,Yes,Yes,Yes,Yes,Yes,Yes,No,No
20250621,Yes,Yes,Yes,Yes,Yes,Yes,Yes,No,No
20250622,Yes,Yes,Yes,Yes,Yes,Yes,Yes,No,No
20250623,Yes,Yes,Yes,Yes,Yes,Yes,Yes,No,No
20250624,Yes,Yes,Yes,Yes,Yes,Yes,Yes,No,No
20250625,Yes,Yes,Yes,Yes,Yes,Yes,Yes,No,No
20250626,Yes,Yes,Yes,Yes,Yes,Yes,Yes,No,No
20250627,Yes,Yes,Yes,Yes,Yes,Yes,Yes,No,No
20250628,Yes,Yes,Yes,Yes,Yes,Yes,Yes,No,No
20250629,Yes,Yes,Yes,Yes,Yes,Yes,Yes,No,No
20250630,Yes,Yes,Yes,Yes,Yes,Yes,Yes,No,No
20250701,Yes,Yes,Yes,Yes,Yes,Yes,Yes,No,No
20250702,Yes,Yes,Yes,Yes,Yes,Yes,Yes,No,No
20250703,Yes,Yes,Yes,Yes,Yes,Yes,Yes,No,No
20250704,Yes,Yes,Yes,Yes,Yes,Yes,Yes,No,No
20250705,Yes,Yes,Yes,Yes,Yes,Yes,Yes,No,No
20250706,Yes,Yes,Yes,Yes,Yes,Yes,Yes,No,No
20250707,Yes,Yes,Yes,Yes,Yes,Yes,Yes,No,No
20250708,Yes,Yes,Yes,Yes,Yes,Yes,Yes,No,No
20250709,Yes,Yes,Yes,Yes,Yes,Yes,Yes,No,No
20250710,Yes,Yes,Yes,Yes,Yes,Yes,Yes,No,No
20250711,Yes,Yes,Yes,Yes,Yes,Yes,Yes,No,No
20250712,Yes,Yes,Yes,Yes,Yes,Yes,Yes,No,No
20250713,Yes,Yes,Yes,Yes,Yes,Yes,Yes,No,No
20250714,Yes,Yes,Yes,Yes,Yes,Yes,Yes,No,No
20250715,Yes,Yes,Yes,Yes,Yes,Yes,Yes,No,No
20250716,Yes,Yes,Yes,Yes,Yes,Yes,Yes,No,No
20250717,Yes,Yes,Yes,Yes,Yes,Yes,Yes,No,No
20250718,Yes,Yes,Yes,Yes,Yes,Yes,Yes,No,No
20250719,Yes,Yes,Yes,Yes,Yes,Yes,Yes,No,No
20250720,Yes,Yes,Yes,Yes,Yes,Yes,Yes,No,No
20250721,Yes,Yes,Yes,Yes,Yes,Yes,Yes,No,No
20250722,Yes,Yes,Yes,Yes,Yes,Yes,Yes,No,No
20250723,Yes,Yes,Yes,Yes,Yes,Yes,Yes,No,No
20250724,Yes,Yes,Yes,Yes,Yes,Yes,Yes,No,No
20250725,Yes,Yes,Yes,Yes,Yes,Yes,Yes,No,No
20250726,Yes,Yes,Yes,Yes,Yes,Yes,Yes,No,No
20250727,Yes,Yes,Yes,Yes,Yes,Yes,Yes,No,No
20250728,Yes,Yes,Yes,Yes,Yes,Yes,Yes,No,No
20250729,Yes,Yes,Yes,Yes,Yes,Yes,Yes,No,No
20250730,Yes,Yes,Yes,Yes,Yes,Yes,Yes,No,No
20250731,Yes,Yes,Yes,Yes,Yes,Yes,Yes,No,No
20250801,Yes,Yes,Yes,Yes,Yes,Yes,Yes,No,No
20250802,Yes,Yes,Yes,Yes,Yes,Yes,Yes,No,No
20250803,Yes,Yes,Yes,Yes,Yes,Yes,Yes,No,No
20250804,Yes,Yes,Yes,Yes,Yes,Yes,Yes,No,No
20250805,Yes,Yes,Yes,Yes,Yes,Yes,Yes,No,No
20250806,Yes,Yes,Yes,Yes,Yes,Yes,Yes,No,No
20250807,Yes,Yes,Yes,Yes,Yes,Yes,Yes,No,No
20250808,Yes,Yes,Yes,Yes,Yes,Yes,Yes,No,No
20250809,Yes,Yes,Yes,Yes,Yes,Yes,Yes,No,No
20250810,Yes,Yes,Yes,Yes,Yes,Yes,Yes,No,No
20250811,Yes,Yes,Yes,Yes,Yes,Yes,Yes,No,No
20250812,Yes,Yes,Yes,Yes,Yes,Yes,Yes,No,No
20250813,Yes,Yes,Yes,Yes,Yes,Yes,Yes,No,No
20250814,Yes,Yes,Yes,Yes,Yes,Yes,Yes,No,No
20250815,Yes,Yes,Yes,Yes,Yes,Yes,Yes,No,No
20250816,Yes,Yes,Yes,Yes,Yes,Yes,Yes,No,No
20250817,Yes,Yes,Yes,Yes,Yes,Yes,Yes,No,No
20250818,Yes,Yes,Yes,Yes,Yes,Yes,Yes,No,No
20250819,Yes,Yes,Yes,Yes,Yes,Yes,Yes,No,No
20250820,Yes,Yes,Yes,Yes,Yes,Yes,Yes,No,No
20250821,Yes,Yes,Yes,Yes,Yes,Yes,Yes,No,No
20250822,Yes,Yes,Yes,Yes,Yes,Yes,Yes,No,No
20250823,Yes,Yes,Yes,Yes,Yes,Yes,Yes,No,No
20250824,Yes,Yes,Yes,Yes,Yes,Yes,Yes,No,No
20250825,Yes,Yes,Yes,Yes,Yes,Yes,Yes,No,No
20250826,Yes,Yes,Yes,Yes,Yes,Yes,Yes,No,No
20250827,Yes,Yes,Yes,Yes,Yes,Yes,Yes,No,No
20250828,Yes,Yes,Yes,Yes,Yes,Yes,Yes,No,No
20250829,Yes,Yes,Yes,Yes,Yes,Yes,Yes,No,No
20250830,Yes,Yes,Yes,Yes,Yes,Yes,Yes,No,No
20250831,Yes,Yes,Yes,Yes,Yes,Yes,Yes,No,No
20250901,Yes,Yes,Yes,Yes,Yes,Yes,Yes,No,No
20250902,Yes,Yes,Yes,Yes,Yes,Yes,Yes,No,No
20250903,Yes,Yes,Yes,Yes,Yes,Yes,Yes,No,No
20250904,Yes,Yes,Yes,Yes,Yes,Yes,Yes,No,No
20250905,Yes,Yes,Yes,Yes,Yes,Yes,Yes,No,No
20250906,Yes,Yes,Yes,Yes,Yes,Yes,Yes,No,No
20250907,Yes,Yes,Yes,Yes,Yes,Yes,Yes,No,No
20250908,Yes,Yes,Yes,Yes,Yes,Yes,Yes,No,No
20250909,Yes,Yes,Yes,Yes,Yes,Yes,Yes,No,No
20250910,Yes,Yes,Yes,Yes,Yes,Yes,Yes,No,No
20250911,Yes,Yes,Yes,Yes,Yes,Yes,Yes,No,No
20250912,Yes,Yes,Yes,Yes,Yes,Yes,Yes,No,No
20250913,Yes,Yes,Yes,Yes,Yes,Yes,Yes,No,No
20250914,Yes,Yes,Yes,Yes,Yes,Yes,Yes,No,No
20250915,Yes,Yes,Yes,Yes,Yes,Yes,Yes,No,No
20250916,Yes,Yes,Yes,Yes,Yes,Yes,Yes,No,No
20250917,Yes,Yes,Yes,Yes,Yes,Yes,Yes,No,No
20250918,Yes,Yes,Yes,Yes,Yes,Yes,Yes,No,No
20250919,Yes,Yes,Yes,Yes,Yes,Yes,Yes,No,No
20250920,Yes,Yes,Yes,Yes,Yes,Yes,Yes,No,No
20250921,Yes,Yes,Yes,Yes,Yes,Yes,Yes,No,No
20250922,Yes,Yes,Yes,Yes,Yes,Yes,Yes,No,No
20250923,Yes,Yes,Yes,Yes,Yes,Yes,Yes,No,No
20250924,Yes,Yes,Yes,Yes,Yes,Yes,Yes,No,No
20250925,Yes,Yes,Yes,Yes,Yes,Yes,Yes,No,No
20250926,Yes,Yes,Yes,Yes,Yes,Yes,Yes,No,No
20250927,Yes,Yes,Yes,Yes,Yes,Yes,Yes,No,No
20250928,Yes,Yes,Yes,Yes,Yes,Yes,Yes,No,No
20250929,Yes,Yes,Yes,Yes,Yes,Yes,Yes,No,No
20250930,Yes,Yes,Yes,Yes,Yes,Yes,Yes,No,No
20251001,Yes,Yes,Yes,Yes,Yes,Yes,Yes,No,No
20251002,Yes,Yes,Yes,Yes,Yes,Yes,Yes,No,No
20251003,Yes,Yes,Yes,Yes,Yes,Yes,Yes,No,No
20251004,Yes,Yes,Yes,Yes,Yes,Yes,Yes,No,No
20251005,Yes,Yes,Yes,Yes,Yes,Yes,Yes,No,No
20251006,Yes,Yes,Yes,Yes,Yes,Yes,Yes,No,No
20251007,Yes,Yes,Yes,Yes,Yes,Yes,Yes,No,No
20251008,Yes,Yes,Yes,Yes,Yes,Yes,Yes,No,No
20251009,Yes,Yes,Yes,Yes,Yes,Yes,Yes,No,No
20251010,Yes,Yes,Yes,Yes,Yes,Yes,Yes,No,No
20251011,Yes,Yes,Yes,Yes,Yes,Yes,Yes,No,No
20251012,Yes,Yes,Yes,Yes,Yes,Yes,Yes,No,No
20251013,Yes,Yes,Yes,Yes,Yes,Yes,Yes,No,No
20251014,Yes,Yes,Yes,Yes,Yes,Yes,Yes,No,No
20251015,Yes,Yes,Yes,Yes,Yes,Yes,Yes,No,No
20251016,Yes,Yes,Yes,Yes,Yes,Yes,Yes,No,No
20251017,Yes,Yes,Yes,Yes,Yes,Yes,Yes,No,No
20251018,Yes,Yes,Yes,Yes,Yes,Yes,Yes,No,No
20251019,Yes,Yes,Yes,Yes,Yes,Yes,Yes,No,No
20251020,Yes,Yes,Yes,Yes,Yes,Yes,Yes,No,No
20251021,Yes,Yes,Yes,Yes,Yes,Yes,Yes,No,No
20251022,Yes,Yes,Yes,Yes,Yes,Yes,Yes,No,No
20251023,Yes,Yes,Yes,Yes,Yes,Yes,Yes,No,No
20251024,Yes,Yes,Yes,Yes,Yes,Yes,Yes,No,No
20251025,Yes,Yes,Yes,Yes,Yes,Yes,Yes,No,No
20251026,Yes,Yes,Yes,Yes,Yes,Yes,Yes,No,No
20251027,Yes,Yes,Yes,Yes,Yes,Yes,Yes,No,No
20251028,Yes,Yes,Yes,Yes,Yes,Yes,Yes,No,No
20251029,Yes,Yes,Yes,Yes,Yes,Yes,Yes,No,No
20251030,Yes,Yes,Yes,Yes,Yes,Yes,Yes,No,No
20251031,Yes,Yes,Yes,Yes,Yes,Yes,Yes,No,No
20251101,Yes,Yes,Yes,Yes,Yes,Yes,Yes,No,No
20251102,Yes,Yes,Yes,Yes,Yes,Yes,Yes,No,No
20251103,Yes,Yes,Yes,Yes,Yes,Yes,Yes,No,No
20251104,Yes,Yes,Yes,Yes,Yes,Yes,Yes,No,No
20251105,Yes,Yes,Yes,Yes,Yes,Yes,Yes,No,No
20251106,Yes,Yes,Yes,Yes,Yes,Yes,Yes,No,No
20251107,Yes,Yes,Yes,Yes,Yes,Yes,Yes,No,No
20251108,Yes,Yes,Yes,Yes,Yes,Yes,Yes,No,No
20251109,Yes,Yes,Yes,Yes,Yes,Yes,Yes,No,No
20251110,Yes,Yes,Yes,Yes,Yes,Yes,Yes,No,No
20251111,Yes,Yes,Yes,Yes,Yes,Yes,Yes,No,No
20251112,Yes,Yes,Yes,Yes,Yes,Yes,Yes,No,No
20251113,Yes,Yes,Yes,Yes,Yes,Yes,Yes,No,No
20251114,Yes,Yes,Yes,Yes,Yes,Yes,Yes,No,No
20251115,Yes,Yes,Yes,Yes,Yes,Yes,Yes,No,No
20251116,Yes,Yes,Yes,Yes,Yes,Yes,Yes,No,No
20251117,Yes,Yes,Yes,Yes,Yes,Yes,Yes,No,No
20251118,Yes,Yes,Yes,Yes,Yes,Yes,Yes,No,No
20251119,Yes,Yes,Yes,Yes,Yes,Yes,Yes,No,No
20251120,Yes,Yes,Yes,Yes,Yes,Yes,Yes,No,No
20251121,Yes,Yes,Yes,Yes,Yes,Yes,Yes,No,No
20251122,Yes,Yes,Yes,Yes,Yes,Yes,Yes,No,No
